{
    "version": 1,
    "author": "Anonymous maker",
    "editor": "wokwi",
    "parts": [
      { "type": "board-esp32-devkit-c-v4", "id": "esp", "top": -9.6, "left": -177.56, "attrs": {} },
      { "type": "wokwi-led", "id": "led1", "top": 150, "left": -25, "attrs": { "color": "red" } },
      {
        "type": "wokwi-pushbutton",
        "id": "btn1",
        "top": 73.4,
        "left": 19.2,
        "attrs": { "color": "green", "xray": "1" }
      },
      { "type": "wokwi-relay-module", "id": "relay1", "top": -9.4, "left": 48, "attrs": {} }
    ],
    "connections": [
      [ "esp:TX", "$serialMonitor:RX", "", [] ],
      [ "esp:RX", "$serialMonitor:TX", "", [] ],
      [ "led1:C", "esp:GND.2", "green", [ "v0" ] ],
      [ "led1:A", "esp:18", "green", [ "v0" ] ],
      [ "btn1:2.l", "esp:GND.2", "green", [ "h0" ] ],
      [ "btn1:1.l", "esp:19", "green", [ "h0" ] ],
      [ "relay1:IN", "esp:23", "green", [ "h0" ] ],
      [ "relay1:GND", "esp:GND.2", "black", [ "h0" ] ],
      [ "relay1:VCC", "esp:3V3", "red", [ "h0" ] ]
    ],
    "dependencies": {}
  }